"","Treatment","avg_PO4","sd_PO4","avg_NH4","sd_NH4","avg_NO3","sd_NO3"
"1","control",4.765,0.0150000000000001,8.3,9.33113069247237,29.7,6.9462219947249
"2","nutrients only",4.37333333333333,0.837993635616246,2580,338.082830087539,26.9333333333333,0.737111479583198
"3","manure",3.71666666666667,0.648408307575816,173.533333333333,206.920693342482,42.1,8.65332306111357
"4","crop",5.91,2.15006976630992,42.3,27.3369713026151,26.4666666666667,0.862167810425172
"5","wetland",3.48,0.381051177665153,59.4666666666667,59.6850344167894,27.6,5.55607775323564
"6","manure + nutrients",151.666666666667,27.0246800782791,5823.33333333333,116.761865920913,128.033333333333,27.1680572241251
"7","crop + nutrients",41.67,64.3909333679828,2483.33333333333,1188.12176704803,56.0666666666667,41.8359096152257
"8","wetland + nutrients",3.35333333333333,0.543721742560782,3460,1036.96673042099,50,21.0893337969695
